"config_mistura","tipo_mistura","alpha","repeticao","proporcao_pool","n_real","n_syn","n_total_treino","correlacao","RMSE","MAE","slope_calibracao","media_lambda","sd_lambda"
"lambda_fixo_0.5","fixed",NA,1,0.25,275,828,1103,0.352989566785734,824.543518535669,643.067471026624,0.283824528205498,0.5,0
"lambda_fixo_0.5","fixed",NA,2,0.25,275,828,1103,0.39195055441055,669.453511991256,527.055934138567,0.397555072458692,0.5,0
"lambda_fixo_0.5","fixed",NA,3,0.25,275,828,1103,0.532658501009862,630.198766176492,502.567549147691,0.478512095689179,0.5,0
"lambda_fixo_0.5","fixed",NA,4,0.25,275,828,1103,0.516743168243457,639.164644879177,501.748754421926,0.55196218371849,0.5,0
"lambda_fixo_0.5","fixed",NA,5,0.25,275,828,1103,0.424536858240602,731.80502682372,605.400493272244,0.388851958421088,0.5,0
"lambda_fixo_0.5","fixed",NA,6,0.25,275,828,1103,0.451921030667181,648.581646621391,493.031505794864,0.42139939372912,0.5,0
"lambda_fixo_0.5","fixed",NA,7,0.25,275,828,1103,0.428667075365289,746.119840492773,595.499665757972,0.374298122847377,0.5,0
"lambda_fixo_0.5","fixed",NA,8,0.25,275,828,1103,0.441804737683354,661.805749909835,539.585125211824,0.44201620110348,0.5,0
"lambda_fixo_0.5","fixed",NA,9,0.25,275,828,1103,0.446639617258425,650.384651936217,531.47475292615,0.420561007971785,0.5,0
"lambda_fixo_0.5","fixed",NA,10,0.25,275,828,1103,0.362699157594501,690.795597447736,545.452360768323,0.366745595527426,0.5,0
"lambda_fixo_0.5","fixed",NA,11,0.25,275,828,1103,0.520137096053257,649.927288841794,528.460179393115,0.487755924551177,0.5,0
"lambda_fixo_0.5","fixed",NA,12,0.25,275,828,1103,0.456912019969692,672.843085777502,523.089936344039,0.4335899802179,0.5,0
"lambda_fixo_0.5","fixed",NA,13,0.25,275,828,1103,0.425337958921462,706.095783246801,565.354083700627,0.383316857232234,0.5,0
"lambda_fixo_0.5","fixed",NA,14,0.25,275,828,1103,0.457401715671504,692.277247925826,567.300747669467,0.398141557061544,0.5,0
"lambda_fixo_0.5","fixed",NA,15,0.25,275,828,1103,0.360059539635332,699.159453955271,559.571074899558,0.343561427991136,0.5,0
"lambda_fixo_0.5","fixed",NA,16,0.25,275,828,1103,0.565390041364008,624.002913063834,489.943031699509,0.504485806744835,0.5,0
"lambda_fixo_0.5","fixed",NA,17,0.25,275,828,1103,0.483301195044003,699.922447327047,543.614755429874,0.430925254641256,0.5,0
"lambda_fixo_0.5","fixed",NA,18,0.25,275,828,1103,0.440353783374724,705.422648059461,568.454820436643,0.362516392927395,0.5,0
"lambda_fixo_0.5","fixed",NA,19,0.25,275,828,1103,0.390385501303236,734.58092989208,574.889197733365,0.339979531906697,0.5,0
"lambda_fixo_0.5","fixed",NA,20,0.25,275,828,1103,0.482241799037212,663.744738974928,525.121570321094,0.458542381894908,0.5,0
"lambda_fixo_0.5","fixed",NA,21,0.25,275,828,1103,0.40326438815323,697.417779108697,564.986958846979,0.389587858967075,0.5,0
"lambda_fixo_0.5","fixed",NA,22,0.25,275,828,1103,0.444631294217902,738.726610553354,584.633792110698,0.343967762210342,0.5,0
"lambda_fixo_0.5","fixed",NA,23,0.25,275,828,1103,0.275275953324513,793.65912538672,631.617170146894,0.239792511137686,0.5,0
"lambda_fixo_0.5","fixed",NA,24,0.25,275,828,1103,0.434303138469701,635.2197946871,492.010922283663,0.434983355247906,0.5,0
"lambda_fixo_0.5","fixed",NA,25,0.25,275,828,1103,0.466305929026109,631.09130314667,477.364320488698,0.539013838045128,0.5,0
"lambda_fixo_0.5","fixed",NA,26,0.25,275,828,1103,0.326124533413661,759.463114173302,609.158318340207,0.289124753984951,0.5,0
"lambda_fixo_0.5","fixed",NA,27,0.25,275,828,1103,0.407584100660373,685.619182083438,547.838432629678,0.390145617897801,0.5,0
"lambda_fixo_0.5","fixed",NA,28,0.25,275,828,1103,0.447323049430319,684.089549983797,540.597877892865,0.449794908748447,0.5,0
"lambda_fixo_0.5","fixed",NA,29,0.25,275,828,1103,0.462513666893814,679.998551703976,542.028962125254,0.412816446897053,0.5,0
"lambda_fixo_0.5","fixed",NA,30,0.25,275,828,1103,0.35756449854683,672.991961080624,536.922620220634,0.357292706755785,0.5,0
"lambda_fixo_0.5","fixed",NA,1,0.5,551,552,1103,0.477039737819449,702.913461523441,538.710043927445,0.416901385357012,0.5,0
"lambda_fixo_0.5","fixed",NA,2,0.5,551,552,1103,0.396616672488242,713.447314688083,563.491113077151,0.357211381250021,0.5,0
"lambda_fixo_0.5","fixed",NA,3,0.5,551,552,1103,0.504670516449721,631.803156292841,506.188863068829,0.472793125010223,0.5,0
"lambda_fixo_0.5","fixed",NA,4,0.5,551,552,1103,0.509776724621953,687.26909277922,526.437750525108,0.466006507577676,0.5,0
"lambda_fixo_0.5","fixed",NA,5,0.5,551,552,1103,0.437859990583049,764.609789434327,617.468418925454,0.357009449404949,0.5,0
"lambda_fixo_0.5","fixed",NA,6,0.5,551,552,1103,0.462261389295509,699.256550453573,530.985125586726,0.372179977162136,0.5,0
"lambda_fixo_0.5","fixed",NA,7,0.5,551,552,1103,0.336167209238999,809.624843984583,640.534590251373,0.288495868885646,0.5,0
"lambda_fixo_0.5","fixed",NA,8,0.5,551,552,1103,0.480169787903044,640.175985498633,516.749293596372,0.476305716778907,0.5,0
"lambda_fixo_0.5","fixed",NA,9,0.5,551,552,1103,0.398938619880765,726.546733468229,575.094093160793,0.334176766565196,0.5,0
"lambda_fixo_0.5","fixed",NA,10,0.5,551,552,1103,0.38093565440927,741.217474759937,585.685109381076,0.33069769901438,0.5,0
"lambda_fixo_0.5","fixed",NA,11,0.5,551,552,1103,0.539597132482824,656.622754040559,518.388200391892,0.481471752550494,0.5,0
"lambda_fixo_0.5","fixed",NA,12,0.5,551,552,1103,0.477720142344014,685.562322722543,557.702600356491,0.408906144840053,0.5,0
"lambda_fixo_0.5","fixed",NA,13,0.5,551,552,1103,0.481000344158908,717.059810884424,583.186333477242,0.390616236094754,0.5,0
"lambda_fixo_0.5","fixed",NA,14,0.5,551,552,1103,0.505329477396506,699.401428672861,553.467110804542,0.402919030493304,0.5,0
"lambda_fixo_0.5","fixed",NA,15,0.5,551,552,1103,0.391952212077115,711.73696707427,574.180280252667,0.346276596976982,0.5,0
"lambda_fixo_0.5","fixed",NA,16,0.5,551,552,1103,0.467383070930454,678.28108464335,539.79881841273,0.429662869595058,0.5,0
"lambda_fixo_0.5","fixed",NA,17,0.5,551,552,1103,0.482686644716316,675.689594858928,551.386277796443,0.449159791320311,0.5,0
"lambda_fixo_0.5","fixed",NA,18,0.5,551,552,1103,0.453701761718554,705.376480477174,568.505987979626,0.367551083633174,0.5,0
"lambda_fixo_0.5","fixed",NA,19,0.5,551,552,1103,0.478407344789605,708.266618934148,568.494840883168,0.392385120887992,0.5,0
"lambda_fixo_0.5","fixed",NA,20,0.5,551,552,1103,0.459351840136868,687.220773188746,552.522294175785,0.431550261128724,0.5,0
"lambda_fixo_0.5","fixed",NA,21,0.5,551,552,1103,0.387879005511882,796.314059581483,626.448342310675,0.307950897553592,0.5,0
"lambda_fixo_0.5","fixed",NA,22,0.5,551,552,1103,0.549627735272465,646.845311429642,501.074179426713,0.447027994023697,0.5,0
"lambda_fixo_0.5","fixed",NA,23,0.5,551,552,1103,0.311290533324032,758.505699147563,615.773945928723,0.281206594671862,0.5,0
"lambda_fixo_0.5","fixed",NA,24,0.5,551,552,1103,0.417675046134739,689.723389250476,527.674491902698,0.388020894446685,0.5,0
"lambda_fixo_0.5","fixed",NA,25,0.5,551,552,1103,0.442742237428415,706.895408601943,561.954264426894,0.400424386843859,0.5,0
"lambda_fixo_0.5","fixed",NA,26,0.5,551,552,1103,0.317890911854051,735.674593472096,591.180892727136,0.300898355828644,0.5,0
"lambda_fixo_0.5","fixed",NA,27,0.5,551,552,1103,0.478339395428252,694.258890964718,548.825120863325,0.402378199721717,0.5,0
"lambda_fixo_0.5","fixed",NA,28,0.5,551,552,1103,0.527818626160956,660.671758237562,520.486133500301,0.488912772257671,0.5,0
"lambda_fixo_0.5","fixed",NA,29,0.5,551,552,1103,0.452598664879193,693.556234329401,556.228683304291,0.399907272009406,0.5,0
"lambda_fixo_0.5","fixed",NA,30,0.5,551,552,1103,0.412222611329042,691.858924595526,556.208733792489,0.368258119295598,0.5,0
"lambda_fixo_0.5","fixed",NA,1,0.75,827,276,1103,0.629527629517288,495.086736067843,389.660662254945,0.903889352033553,0.5,0
"lambda_fixo_0.5","fixed",NA,2,0.75,827,276,1103,0.647870073869913,468.727164868918,369.627845766627,0.889256414308351,0.5,0
"lambda_fixo_0.5","fixed",NA,3,0.75,827,276,1103,0.707503934273238,434.367470245146,344.870906230689,0.983328636141758,0.5,0
"lambda_fixo_0.5","fixed",NA,4,0.75,827,276,1103,0.671680736937262,497.883894982849,393.025256990291,0.878788790105436,0.5,0
"lambda_fixo_0.5","fixed",NA,5,0.75,827,276,1103,0.619297294668894,509.237397197962,416.598514988983,0.833202416035057,0.5,0
"lambda_fixo_0.5","fixed",NA,6,0.75,827,276,1103,0.623793677827412,474.543241558203,373.823843339095,0.782235340851968,0.5,0
"lambda_fixo_0.5","fixed",NA,7,0.75,827,276,1103,0.643372761926124,497.008098606919,401.872401524088,0.87277585442226,0.5,0
"lambda_fixo_0.5","fixed",NA,8,0.75,827,276,1103,0.654631375235488,472.871451867571,378.749042550642,0.949508209115171,0.5,0
"lambda_fixo_0.5","fixed",NA,9,0.75,827,276,1103,0.61411313470615,485.217981164268,387.067490129759,0.769828446332417,0.5,0
"lambda_fixo_0.5","fixed",NA,10,0.75,827,276,1103,0.609243158704148,495.084666846929,393.397485759676,0.815480254919244,0.5,0
"lambda_fixo_0.5","fixed",NA,11,0.75,827,276,1103,0.672572423676859,477.600981228572,374.510986076334,0.885650228853633,0.5,0
"lambda_fixo_0.5","fixed",NA,12,0.75,827,276,1103,0.616565687732946,486.261198360568,375.290328386769,0.841324907143337,0.5,0
"lambda_fixo_0.5","fixed",NA,13,0.75,827,276,1103,0.682495208187819,456.874752229403,363.81568834243,0.894350107097527,0.5,0
"lambda_fixo_0.5","fixed",NA,14,0.75,827,276,1103,0.641347170895143,479.763380085343,377.160797293247,0.79977473969382,0.5,0
"lambda_fixo_0.5","fixed",NA,15,0.75,827,276,1103,0.600314303080879,488.110051998777,391.952530293571,0.829870776950257,0.5,0
"lambda_fixo_0.5","fixed",NA,16,0.75,827,276,1103,0.689660188012769,454.863831857086,354.985109008478,0.967209161776245,0.5,0
"lambda_fixo_0.5","fixed",NA,17,0.75,827,276,1103,0.643076846832906,492.315768899464,392.605902783472,0.868621482254867,0.5,0
"lambda_fixo_0.5","fixed",NA,18,0.75,827,276,1103,0.629439807049575,474.336668038312,387.535956168692,0.778106650971946,0.5,0
"lambda_fixo_0.5","fixed",NA,19,0.75,827,276,1103,0.635343927758272,480.254400909944,374.314780139334,0.862838102479598,0.5,0
"lambda_fixo_0.5","fixed",NA,20,0.75,827,276,1103,0.628500100073473,507.309972991524,393.368593967944,0.806222151871507,0.5,0
"lambda_fixo_0.5","fixed",NA,21,0.75,827,276,1103,0.659134939761153,470.357787608693,367.221876623637,0.929868284450329,0.5,0
"lambda_fixo_0.5","fixed",NA,22,0.75,827,276,1103,0.66072869561441,456.735346691759,366.376928237221,0.840120193148072,0.5,0
"lambda_fixo_0.5","fixed",NA,23,0.75,827,276,1103,0.607591376162142,491.234251351458,398.497472860299,0.832393176084504,0.5,0
"lambda_fixo_0.5","fixed",NA,24,0.75,827,276,1103,0.605128832705674,484.412843092262,382.523082677734,0.852416641606131,0.5,0
"lambda_fixo_0.5","fixed",NA,25,0.75,827,276,1103,0.633861405442744,490.927894513934,382.390830876741,0.927515676878661,0.5,0
"lambda_fixo_0.5","fixed",NA,26,0.75,827,276,1103,0.559567350584409,519.310201135285,419.006864099854,0.761631164587584,0.5,0
"lambda_fixo_0.5","fixed",NA,27,0.75,827,276,1103,0.695661478922502,442.168879281083,340.362805757816,0.944104983075177,0.5,0
"lambda_fixo_0.5","fixed",NA,28,0.75,827,276,1103,0.649268678387591,498.917998844968,391.548666272675,0.890548739947285,0.5,0
"lambda_fixo_0.5","fixed",NA,29,0.75,827,276,1103,0.649429233508106,477.338406223334,372.326136400364,0.81457469701763,0.5,0
"lambda_fixo_0.5","fixed",NA,30,0.75,827,276,1103,0.585202234131839,493.216800471893,391.934143883601,0.777475176847103,0.5,0
"beta_alpha_0.1","beta",0.1,1,0.25,275,828,1103,0.355023784448396,836.47015731185,651.129550451099,0.27668319208633,0.501630764646746,0.454843467996325
"beta_alpha_0.1","beta",0.1,2,0.25,275,828,1103,0.411272027654471,654.786175252959,525.439655581467,0.42447690388598,0.492544095974185,0.457262973982882
"beta_alpha_0.1","beta",0.1,3,0.25,275,828,1103,0.572472031270245,585.232230357854,466.222392230153,0.540341047050925,0.489894276507541,0.460749928265262
"beta_alpha_0.1","beta",0.1,4,0.25,275,828,1103,0.516996732265514,640.702047720354,493.392571533513,0.566765389870216,0.493950862645243,0.455117691318296
"beta_alpha_0.1","beta",0.1,5,0.25,275,828,1103,0.403939083891622,747.036839929007,615.643965629372,0.37089072914604,0.486974262823902,0.455876505090134
"beta_alpha_0.1","beta",0.1,6,0.25,275,828,1103,0.408348638027789,653.249558583294,507.522694756878,0.399065799541231,0.491112163185004,0.461931451961258
"beta_alpha_0.1","beta",0.1,7,0.25,275,828,1103,0.405070858020779,768.224090664201,620.805138822012,0.348082877917811,0.503980364202411,0.460239396184889
"beta_alpha_0.1","beta",0.1,8,0.25,275,828,1103,0.414995351836538,689.428667743577,554.657333181623,0.40091084646791,0.519052780722852,0.455651575674168
"beta_alpha_0.1","beta",0.1,9,0.25,275,828,1103,0.413917559760021,674.097090089393,547.790625727448,0.384754186827376,0.512662401897671,0.45670760119559
"beta_alpha_0.1","beta",0.1,10,0.25,275,828,1103,0.348364990521712,717.713551369581,586.724975647348,0.333847285969308,0.508898009744025,0.460054334313205
"beta_alpha_0.1","beta",0.1,11,0.25,275,828,1103,0.477422155243205,648.968989356618,530.325756720194,0.4886404008338,0.466878392083823,0.454035421237566
"beta_alpha_0.1","beta",0.1,12,0.25,275,828,1103,0.366231259814379,744.468596362185,586.960141724769,0.321600523602729,0.490803887035757,0.455177736346329
"beta_alpha_0.1","beta",0.1,13,0.25,275,828,1103,0.364759638821968,716.310590448116,565.052765788578,0.348700760450887,0.482096217490836,0.464084549626745
"beta_alpha_0.1","beta",0.1,14,0.25,275,828,1103,0.394450163679419,733.560012163115,592.607503397329,0.340010499828583,0.485480186162715,0.457655428846927
"beta_alpha_0.1","beta",0.1,15,0.25,275,828,1103,0.366234834490891,673.893138693562,550.365286571115,0.371732769912823,0.492866241044423,0.454014230533138
"beta_alpha_0.1","beta",0.1,16,0.25,275,828,1103,0.549201554259093,643.900094697412,501.417036833004,0.480409435503491,0.502083848916372,0.45334899944159
"beta_alpha_0.1","beta",0.1,17,0.25,275,828,1103,0.46870615480872,732.589347391915,582.637578555933,0.398764719845404,0.499198427229373,0.460627117491974
"beta_alpha_0.1","beta",0.1,18,0.25,275,828,1103,0.390890597951737,746.91021243967,598.876670724483,0.313614522946693,0.476624552352304,0.458693266258119
"beta_alpha_0.1","beta",0.1,19,0.25,275,828,1103,0.431796581714394,696.679176229305,565.113368390569,0.387557584043759,0.494935853631314,0.458465247549375
"beta_alpha_0.1","beta",0.1,20,0.25,275,828,1103,0.507545287290367,629.141097746235,494.828387721422,0.511319659770269,0.495989104059478,0.460820340905241
"beta_alpha_0.1","beta",0.1,21,0.25,275,828,1103,0.416973917816136,696.01209995601,552.191746190026,0.392374555704364,0.493578647756078,0.459081746717023
"beta_alpha_0.1","beta",0.1,22,0.25,275,828,1103,0.418215917281533,713.821069765454,577.443321462677,0.351932134825519,0.514835324157164,0.45556478502416
"beta_alpha_0.1","beta",0.1,23,0.25,275,828,1103,0.307519505818195,773.531799489526,605.424486305405,0.269442108706497,0.502581632276521,0.455429582504816
"beta_alpha_0.1","beta",0.1,24,0.25,275,828,1103,0.437171838972649,685.569318631869,530.411725315986,0.398880730384764,0.500331002936929,0.4601980867772
"beta_alpha_0.1","beta",0.1,25,0.25,275,828,1103,0.467032281668076,623.867680139948,484.837977603793,0.525833405868808,0.521551839983158,0.454260415064346
"beta_alpha_0.1","beta",0.1,26,0.25,275,828,1103,0.358476803357128,682.126480237964,541.26185227743,0.372994778227974,0.495645717551312,0.453362676466678
"beta_alpha_0.1","beta",0.1,27,0.25,275,828,1103,0.45561578987361,649.220018959813,521.130456581102,0.44536889769637,0.496175903148547,0.453495150793752
"beta_alpha_0.1","beta",0.1,28,0.25,275,828,1103,0.492056945314801,666.825358336924,521.244251568065,0.478636102439164,0.497636848726335,0.455939608664255
"beta_alpha_0.1","beta",0.1,29,0.25,275,828,1103,0.430864613804702,713.011611651192,560.836493999469,0.373839970327136,0.500922416746532,0.457111469050553
"beta_alpha_0.1","beta",0.1,30,0.25,275,828,1103,0.360544342518822,707.973130616986,566.619767478901,0.33172001725107,0.503399744343755,0.452937728851679
"beta_alpha_0.1","beta",0.1,1,0.5,551,552,1103,0.458077079885467,720.65896952369,563.032760572894,0.395081848493906,0.48100950407828,0.457062564524626
"beta_alpha_0.1","beta",0.1,2,0.5,551,552,1103,0.39509012711376,713.615115047749,570.600290401414,0.354629560125765,0.492909701562353,0.455504790880009
"beta_alpha_0.1","beta",0.1,3,0.5,551,552,1103,0.513101051948466,634.156916485543,501.685928685341,0.471134377684314,0.517031641850388,0.458071570884447
"beta_alpha_0.1","beta",0.1,4,0.5,551,552,1103,0.486122102719027,705.083436929801,543.736256410242,0.443494951185047,0.492365027348466,0.458914964926366
"beta_alpha_0.1","beta",0.1,5,0.5,551,552,1103,0.393574935435552,753.383024441644,606.673122719234,0.346909642439484,0.529451224314912,0.459842521167669
"beta_alpha_0.1","beta",0.1,6,0.5,551,552,1103,0.439076459721099,694.688714096152,530.169592042014,0.368880823151578,0.528089262979071,0.456186864441408
"beta_alpha_0.1","beta",0.1,7,0.5,551,552,1103,0.340772187738413,803.480871546432,619.692877185407,0.294993110399456,0.504628754673296,0.458458009376332
"beta_alpha_0.1","beta",0.1,8,0.5,551,552,1103,0.429076814546604,675.918205213151,538.000904007035,0.418466997071666,0.539389920846308,0.448346388699918
"beta_alpha_0.1","beta",0.1,9,0.5,551,552,1103,0.386873337726818,746.292912119555,589.644694573604,0.315627276238443,0.482393006685855,0.452602968836913
"beta_alpha_0.1","beta",0.1,10,0.5,551,552,1103,0.410900437473983,705.201745783003,566.55834295589,0.371341283638838,0.495411079759405,0.456426308533975
"beta_alpha_0.1","beta",0.1,11,0.5,551,552,1103,0.562220132656039,639.188474575748,504.884002760029,0.503243193617737,0.489709537358905,0.458675690940516
"beta_alpha_0.1","beta",0.1,12,0.5,551,552,1103,0.438920794673459,704.901159642625,565.583300673953,0.381725946168237,0.481081851315053,0.459602436333254
"beta_alpha_0.1","beta",0.1,13,0.5,551,552,1103,0.504870483685625,692.297259496388,565.958233845567,0.417420681224831,0.514286668169292,0.462043284057063
"beta_alpha_0.1","beta",0.1,14,0.5,551,552,1103,0.50830313510152,702.661289182405,561.59850632241,0.402980733196188,0.450015032912743,0.457504975581757
"beta_alpha_0.1","beta",0.1,15,0.5,551,552,1103,0.415963261450407,724.721511669046,595.301494262754,0.346096254639595,0.488574402756281,0.455571843408567
"beta_alpha_0.1","beta",0.1,16,0.5,551,552,1103,0.504870464134899,657.557470353903,528.718776307936,0.459955082131377,0.483693055115162,0.46024574231301
"beta_alpha_0.1","beta",0.1,17,0.5,551,552,1103,0.513621592667468,641.56825044234,507.966083905772,0.495321700766156,0.53813836580702,0.451898803095336
"beta_alpha_0.1","beta",0.1,18,0.5,551,552,1103,0.473971359886928,688.933350372969,550.818181716827,0.386079789508291,0.523310896170464,0.454093152050329
"beta_alpha_0.1","beta",0.1,19,0.5,551,552,1103,0.490174362351935,680.412567562387,544.345337096183,0.420972701130052,0.467584852287562,0.455829187738114
"beta_alpha_0.1","beta",0.1,20,0.5,551,552,1103,0.473540606755268,681.078940397626,543.714036660746,0.438207753381263,0.521106158949462,0.456674410235555
"beta_alpha_0.1","beta",0.1,21,0.5,551,552,1103,0.348594159597166,838.601816653243,654.606627750147,0.266363528505739,0.522604312030665,0.456315698047785
"beta_alpha_0.1","beta",0.1,22,0.5,551,552,1103,0.541652197047164,667.327583523088,521.293200451265,0.426968676413974,0.487977217644103,0.450086608707139
"beta_alpha_0.1","beta",0.1,23,0.5,551,552,1103,0.331179859957668,738.916720918112,595.352725297099,0.304820097898936,0.528815620977506,0.454672234121587
"beta_alpha_0.1","beta",0.1,24,0.5,551,552,1103,0.422114616724776,686.528699844991,531.974053423127,0.385971379773038,0.507251498926081,0.461819497546293
"beta_alpha_0.1","beta",0.1,25,0.5,551,552,1103,0.441675080684454,667.878747505006,531.099144034083,0.444179310738782,0.49829500611345,0.45486052090991
"beta_alpha_0.1","beta",0.1,26,0.5,551,552,1103,0.334525132356412,735.054894940455,578.314513823919,0.309921148005732,0.508772706730693,0.45931205202831
"beta_alpha_0.1","beta",0.1,27,0.5,551,552,1103,0.515367526387612,659.304389952497,532.049911940821,0.444264858951525,0.52781575537761,0.45343118725799
"beta_alpha_0.1","beta",0.1,28,0.5,551,552,1103,0.507021674194468,681.809446623242,544.757745593073,0.462723709232518,0.501032500250896,0.453945191709849
"beta_alpha_0.1","beta",0.1,29,0.5,551,552,1103,0.43382704719108,706.567383983202,559.776625702233,0.380681719765537,0.532853266519087,0.456955402903501
"beta_alpha_0.1","beta",0.1,30,0.5,551,552,1103,0.382003879614639,703.521967497854,560.055577350168,0.342779162323793,0.507824030114396,0.458233248803725
"beta_alpha_0.1","beta",0.1,1,0.75,827,276,1103,0.636168503573113,491.046229451934,388.882878935103,0.920278908221079,0.54510308133307,0.452703568462818
"beta_alpha_0.1","beta",0.1,2,0.75,827,276,1103,0.6336262708417,475.59278218695,373.719215475818,0.886426271493932,0.471394554553504,0.456374077044126
"beta_alpha_0.1","beta",0.1,3,0.75,827,276,1103,0.705605269498572,436.667511133507,347.164333691592,0.958938407426249,0.476950923848631,0.463277938102625
"beta_alpha_0.1","beta",0.1,4,0.75,827,276,1103,0.665994114123916,500.880411803121,393.653007291322,0.869702007171554,0.47166713685542,0.455076942712933
"beta_alpha_0.1","beta",0.1,5,0.75,827,276,1103,0.611233619799797,516.77866866729,427.516190135713,0.797782438531253,0.458304112210995,0.453917228911425
"beta_alpha_0.1","beta",0.1,6,0.75,827,276,1103,0.616882985357584,480.737383145365,381.640604439892,0.757396671543461,0.490230429604658,0.459498367209773
"beta_alpha_0.1","beta",0.1,7,0.75,827,276,1103,0.625094115069641,510.33423535837,410.230531435839,0.824345001259134,0.487250561046245,0.464815571230168
"beta_alpha_0.1","beta",0.1,8,0.75,827,276,1103,0.640513377477527,480.535446013893,383.580125666331,0.931337672118208,0.49982436164467,0.457534081484254
"beta_alpha_0.1","beta",0.1,9,0.75,827,276,1103,0.617639688743914,485.813951804238,388.75281558651,0.756881503757604,0.455171880317603,0.458627424736574
"beta_alpha_0.1","beta",0.1,10,0.75,827,276,1103,0.600206846595786,500.266264849179,401.282538027829,0.801755234433112,0.507059953814871,0.461161239057691
"beta_alpha_0.1","beta",0.1,11,0.75,827,276,1103,0.672375466888273,478.519888439531,374.521910492221,0.874094554315008,0.534764300672256,0.45861017357936
"beta_alpha_0.1","beta",0.1,12,0.75,827,276,1103,0.595845949607356,502.008196642837,390.642351940837,0.775148442636165,0.494935085752406,0.448408853575237
"beta_alpha_0.1","beta",0.1,13,0.75,827,276,1103,0.677690507390364,459.323431190165,362.320551695317,0.90188022838902,0.52676703468934,0.454807794732702
"beta_alpha_0.1","beta",0.1,14,0.75,827,276,1103,0.645649726905754,480.553404087365,375.197725843569,0.779064048255882,0.502502511740279,0.452694045270691
"beta_alpha_0.1","beta",0.1,15,0.75,827,276,1103,0.595013027729444,491.130518097925,394.621385294087,0.822391361453029,0.540393257373523,0.460158127066805
"beta_alpha_0.1","beta",0.1,16,0.75,827,276,1103,0.684431034044768,457.784406941115,358.436918474824,0.96921314198327,0.500580633559879,0.451809064685377
"beta_alpha_0.1","beta",0.1,17,0.75,827,276,1103,0.647460955566274,491.006171186095,388.18378841678,0.853950207919422,0.478794995063964,0.463755813894205
"beta_alpha_0.1","beta",0.1,18,0.75,827,276,1103,0.613741749203907,488.110178161597,399.340471972008,0.73162759205552,0.516033106489694,0.456561097308963
"beta_alpha_0.1","beta",0.1,19,0.75,827,276,1103,0.629940152010535,483.074966381216,375.353377798081,0.862363674520882,0.527397334817748,0.451242056981743
"beta_alpha_0.1","beta",0.1,20,0.75,827,276,1103,0.621555331582467,516.523678040064,400.229836596258,0.762345130096377,0.536149057135751,0.451668888489659
"beta_alpha_0.1","beta",0.1,21,0.75,827,276,1103,0.650756470834811,475.952487522829,374.787365942512,0.901626375532174,0.50958204074741,0.455731760612586
"beta_alpha_0.1","beta",0.1,22,0.75,827,276,1103,0.659094879606536,459.680459029856,368.021012065593,0.818745223747948,0.46153597879416,0.459199596642032
"beta_alpha_0.1","beta",0.1,23,0.75,827,276,1103,0.58720442093501,506.392970593524,410.62015183489,0.768983530881233,0.491840631147274,0.467576281389694
"beta_alpha_0.1","beta",0.1,24,0.75,827,276,1103,0.590397134451061,493.296542820157,391.702552730094,0.806595678742598,0.502746708523766,0.46033244579368
"beta_alpha_0.1","beta",0.1,25,0.75,827,276,1103,0.641681386393079,487.74608253994,376.387025340065,0.903758353750249,0.464738622890389,0.449056930236054
"beta_alpha_0.1","beta",0.1,26,0.75,827,276,1103,0.546315531085787,527.517987382892,424.86867861457,0.734073545874333,0.500248515314967,0.463410026033335
"beta_alpha_0.1","beta",0.1,27,0.75,827,276,1103,0.686134436606439,448.73128628601,346.616721499063,0.913872537572137,0.47539078490702,0.457115372710342
"beta_alpha_0.1","beta",0.1,28,0.75,827,276,1103,0.632127421781903,514.269835341712,401.997309901937,0.814140813138265,0.505161379227126,0.456475324321206
"beta_alpha_0.1","beta",0.1,29,0.75,827,276,1103,0.627477682739393,493.245181840622,382.386375249708,0.772869820817991,0.464011627401547,0.459534853646351
"beta_alpha_0.1","beta",0.1,30,0.75,827,276,1103,0.581983711846098,498.615006813658,398.979029613112,0.740949878330345,0.51147465885244,0.458072564696467
"beta_alpha_0.2","beta",0.2,1,0.25,275,828,1103,0.336686688394079,816.453569177107,626.178092181787,0.278893995677415,0.487811566636189,0.424810034859726
"beta_alpha_0.2","beta",0.2,2,0.25,275,828,1103,0.411655713572304,659.270244779844,523.847366537785,0.418795130699936,0.495920705207245,0.421637363822881
"beta_alpha_0.2","beta",0.2,3,0.25,275,828,1103,0.514208043983951,655.69363194382,521.822839802775,0.445998958515348,0.456930057775568,0.417407159770809
"beta_alpha_0.2","beta",0.2,4,0.25,275,828,1103,0.571193093890526,648.205631301213,514.075323585985,0.535331725364525,0.497855892447857,0.420332468069563
"beta_alpha_0.2","beta",0.2,5,0.25,275,828,1103,0.391491546230302,735.362199270448,602.393634645994,0.365255140230979,0.517845575548232,0.420458858397878
"beta_alpha_0.2","beta",0.2,6,0.25,275,828,1103,0.481333064386313,627.645139595775,476.769373873747,0.454285213045053,0.483445631188637,0.419351793724783
"beta_alpha_0.2","beta",0.2,7,0.25,275,828,1103,0.441200967887115,752.859542276958,603.528893050897,0.370950038773088,0.528357694484886,0.420473676128797
"beta_alpha_0.2","beta",0.2,8,0.25,275,828,1103,0.425731352855982,667.970986517759,543.53949779985,0.427348189983625,0.532687484371175,0.417592052360728
"beta_alpha_0.2","beta",0.2,9,0.25,275,828,1103,0.437459571174006,650.215716943175,517.046384150731,0.418539427316316,0.508533480940255,0.42423536569261
"beta_alpha_0.2","beta",0.2,10,0.25,275,828,1103,0.415118671780931,671.339416936219,545.935572101014,0.407905416430618,0.48973374251235,0.425327741454432
"beta_alpha_0.2","beta",0.2,11,0.25,275,828,1103,0.474585434579914,650.622447026158,525.648686406553,0.48557308378485,0.512995115042152,0.418368280624006
"beta_alpha_0.2","beta",0.2,12,0.25,275,828,1103,0.41675361813156,726.076005389239,565.89771188391,0.361007078385761,0.465530643713295,0.411631230768428
"beta_alpha_0.2","beta",0.2,13,0.25,275,828,1103,0.418646250540941,698.404125874294,566.15156046028,0.386792377844094,0.476053496378767,0.418875300642122
"beta_alpha_0.2","beta",0.2,14,0.25,275,828,1103,0.397614091142638,715.649479505596,578.507734545422,0.357144527825298,0.507797292257932,0.418153428816933
"beta_alpha_0.2","beta",0.2,15,0.25,275,828,1103,0.375993586150414,696.828667740387,559.583108740383,0.352295054992599,0.503624953293725,0.42331064535649
"beta_alpha_0.2","beta",0.2,16,0.25,275,828,1103,0.558394373436334,615.677282653483,492.091548515496,0.518254735795246,0.49689664346332,0.422720113925037
"beta_alpha_0.2","beta",0.2,17,0.25,275,828,1103,0.442252439997188,720.058415783304,577.327958636224,0.397979581153833,0.502215418701578,0.427379994230678
"beta_alpha_0.2","beta",0.2,18,0.25,275,828,1103,0.497624585061843,664.546195752952,526.113983921449,0.413705603754444,0.50517375033279,0.425119393347563
"beta_alpha_0.2","beta",0.2,19,0.25,275,828,1103,0.400930990456272,706.318839404195,567.818668897767,0.368462197144626,0.489326671263485,0.417670736004581
"beta_alpha_0.2","beta",0.2,20,0.25,275,828,1103,0.521074857308839,629.071187167947,490.864439124331,0.509266782139969,0.482679914979432,0.418623797203434
"beta_alpha_0.2","beta",0.2,21,0.25,275,828,1103,0.485569983286665,677.470465787349,538.790073573719,0.431840095824075,0.509495298097081,0.42400065844487
"beta_alpha_0.2","beta",0.2,22,0.25,275,828,1103,0.431081021496969,754.243303161542,607.737413669075,0.331518346887955,0.517059254878334,0.416537446698173
"beta_alpha_0.2","beta",0.2,23,0.25,275,828,1103,0.320389515251707,769.809379477435,618.16325526399,0.278728095527693,0.474043474245629,0.422042402347284
"beta_alpha_0.2","beta",0.2,24,0.25,275,828,1103,0.429598291735834,678.697601762462,526.547806337052,0.401283282393894,0.502745660402703,0.416533703462697
"beta_alpha_0.2","beta",0.2,25,0.25,275,828,1103,0.497894298102355,616.795550313704,463.335910978211,0.543569527067725,0.507190058139254,0.421018093725739
"beta_alpha_0.2","beta",0.2,26,0.25,275,828,1103,0.351543166992525,675.400056697464,541.365406032143,0.376725890218038,0.506446236382219,0.420331136554169
"beta_alpha_0.2","beta",0.2,27,0.25,275,828,1103,0.443857064017757,624.232353240908,486.104819107831,0.488363749203702,0.508563271869634,0.422969870688973
"beta_alpha_0.2","beta",0.2,28,0.25,275,828,1103,0.468312999728198,699.19605733713,551.831099900184,0.435697936559148,0.513452232104046,0.426080861679917
"beta_alpha_0.2","beta",0.2,29,0.25,275,828,1103,0.441085718561578,703.434859094881,561.550224435543,0.387259190883637,0.483963949805635,0.430004326728058
"beta_alpha_0.2","beta",0.2,30,0.25,275,828,1103,0.395270563680401,658.745393371745,535.56421257048,0.391242714297342,0.505162527483842,0.426526482070274
"beta_alpha_0.2","beta",0.2,1,0.5,551,552,1103,0.481349218165879,703.889932288241,560.723861390208,0.416711050710635,0.492844451522161,0.426797140985675
"beta_alpha_0.2","beta",0.2,2,0.5,551,552,1103,0.435425622705294,689.210945551743,543.545560237905,0.391204434151645,0.503963774112315,0.419767388259136
"beta_alpha_0.2","beta",0.2,3,0.5,551,552,1103,0.5508133043631,611.784244671135,501.672850323114,0.501905778059424,0.517396802036042,0.427122683912681
"beta_alpha_0.2","beta",0.2,4,0.5,551,552,1103,0.489314189320342,705.012242083543,536.320334311371,0.443324531098477,0.488964076066097,0.42148499649383
"beta_alpha_0.2","beta",0.2,5,0.5,551,552,1103,0.449754938950283,735.524094249858,595.554898844394,0.381612008869692,0.491681284172125,0.421942706262722
"beta_alpha_0.2","beta",0.2,6,0.5,551,552,1103,0.456733946545329,691.75414851028,530.89582978654,0.376568395676116,0.510655835848681,0.411859421067754
"beta_alpha_0.2","beta",0.2,7,0.5,551,552,1103,0.363902520077251,788.7122772464,619.944331271172,0.314263868159809,0.507898137581236,0.419712535051513
"beta_alpha_0.2","beta",0.2,8,0.5,551,552,1103,0.406281557424477,682.099258963607,553.199035952876,0.408493305302971,0.479618825900744,0.42079425654891
"beta_alpha_0.2","beta",0.2,9,0.5,551,552,1103,0.368818939550659,738.8711132371,572.14898841218,0.313447355112307,0.509920592254225,0.417937552262584
"beta_alpha_0.2","beta",0.2,10,0.5,551,552,1103,0.397592092264571,749.597397319666,592.645953006297,0.331594265373396,0.526696823577769,0.426944366706575
"beta_alpha_0.2","beta",0.2,11,0.5,551,552,1103,0.519732617056126,659.027357981016,516.572771267101,0.477309062445801,0.505782770010276,0.420433248622293
"beta_alpha_0.2","beta",0.2,12,0.5,551,552,1103,0.442994380943069,685.814274238553,565.570508046955,0.400584471397039,0.540125700261714,0.421917624897259
"beta_alpha_0.2","beta",0.2,13,0.5,551,552,1103,0.496140469945278,691.423974332159,567.909855234293,0.41575912849204,0.525039401100447,0.422987324634937
"beta_alpha_0.2","beta",0.2,14,0.5,551,552,1103,0.490083300901401,681.566078260677,542.935522563518,0.414423870567354,0.477728395650625,0.423504192356919
"beta_alpha_0.2","beta",0.2,15,0.5,551,552,1103,0.442131399695602,674.650199886151,551.935592829965,0.397635729085172,0.508868434631823,0.424765802807016
"beta_alpha_0.2","beta",0.2,16,0.5,551,552,1103,0.501656069255128,654.688744985008,522.922080802962,0.462718783509049,0.478804999739216,0.415277736569922
"beta_alpha_0.2","beta",0.2,17,0.5,551,552,1103,0.505580487488338,661.35492992573,530.958823837672,0.467392386834562,0.510288543625672,0.42181357794158
"beta_alpha_0.2","beta",0.2,18,0.5,551,552,1103,0.449990157507922,698.678240859552,571.424561154438,0.370656302973714,0.488609065915045,0.420323614080231
"beta_alpha_0.2","beta",0.2,19,0.5,551,552,1103,0.475829986595683,677.495570163,538.293676408215,0.420177469930614,0.524148605891959,0.415922018696116
"beta_alpha_0.2","beta",0.2,20,0.5,551,552,1103,0.484179692523696,675.16820618922,538.80302678739,0.447147555724726,0.482688938267447,0.425839925854619
"beta_alpha_0.2","beta",0.2,21,0.5,551,552,1103,0.405381832854685,789.959517307023,621.373464575493,0.318017692118805,0.492496646301744,0.420206727697613
"beta_alpha_0.2","beta",0.2,22,0.5,551,552,1103,0.562335971977496,633.829943628966,495.200641758373,0.462561870393688,0.517877236534106,0.42958607873875
"beta_alpha_0.2","beta",0.2,23,0.5,551,552,1103,0.343853465674596,718.24317101039,585.486587168304,0.327907724574224,0.497341736376031,0.423672860816679
"beta_alpha_0.2","beta",0.2,24,0.5,551,552,1103,0.444146356432787,672.523640877632,527.825540919019,0.410978406575718,0.530786611407404,0.418561568991348
"beta_alpha_0.2","beta",0.2,25,0.5,551,552,1103,0.441667576011865,688.124563063936,544.636582558754,0.419437718396127,0.513304839288669,0.423617648671704
"beta_alpha_0.2","beta",0.2,26,0.5,551,552,1103,0.30286471532214,728.757470247116,584.364551876289,0.298043143967236,0.515156946783912,0.419848185177963
"beta_alpha_0.2","beta",0.2,27,0.5,551,552,1103,0.501135233321865,641.432301834935,517.01561265986,0.464967392361686,0.495336848599069,0.421777188020954
"beta_alpha_0.2","beta",0.2,28,0.5,551,552,1103,0.530702580595974,683.721753032873,541.020926088015,0.462507737751634,0.477302058851021,0.424584363401461
"beta_alpha_0.2","beta",0.2,29,0.5,551,552,1103,0.456363066376712,686.025594802511,555.982016281589,0.410652428058215,0.472864672166152,0.418757029133856
"beta_alpha_0.2","beta",0.2,30,0.5,551,552,1103,0.381732631408192,722.10056123577,574.070001570153,0.33575374141569,0.517772247219499,0.418325722639481
"beta_alpha_0.2","beta",0.2,1,0.75,827,276,1103,0.637190754851686,490.410283647983,386.322415078446,0.928762804912963,0.520307401246077,0.419811546345642
"beta_alpha_0.2","beta",0.2,2,0.75,827,276,1103,0.647212078344742,468.684834358581,368.212972047841,0.886650485836316,0.50204940135554,0.416567310626111
"beta_alpha_0.2","beta",0.2,3,0.75,827,276,1103,0.712669538045743,431.360381856874,341.707333732326,0.981974541845875,0.476102092660235,0.422354284289808
"beta_alpha_0.2","beta",0.2,4,0.75,827,276,1103,0.660956366289827,505.097959606868,399.657987749856,0.85867560717919,0.520572525399904,0.431300574407265
"beta_alpha_0.2","beta",0.2,5,0.75,827,276,1103,0.622088844490535,508.98838370635,417.871164081891,0.822310628271999,0.512210920439926,0.423110650757173
"beta_alpha_0.2","beta",0.2,6,0.75,827,276,1103,0.604942087558808,488.853391744822,388.306656467702,0.737907027741216,0.51869798298765,0.430061398002239
"beta_alpha_0.2","beta",0.2,7,0.75,827,276,1103,0.63370137619119,503.675055430034,402.992835128951,0.851967421056974,0.576652700000207,0.420112896345964
"beta_alpha_0.2","beta",0.2,8,0.75,827,276,1103,0.661643626862198,468.556892350171,374.196565055252,0.990434920234215,0.513735876139176,0.425875171913676
"beta_alpha_0.2","beta",0.2,9,0.75,827,276,1103,0.609873417546042,485.727401369889,386.469036419094,0.7784106287485,0.489360697461592,0.419445879132518
"beta_alpha_0.2","beta",0.2,10,0.75,827,276,1103,0.601819364239248,500.780821283186,404.438977646928,0.790897768689123,0.489139560441691,0.43061994738263
"beta_alpha_0.2","beta",0.2,11,0.75,827,276,1103,0.664962442656598,482.561448306775,378.316323481843,0.875420680194747,0.511950317944893,0.419181092743543
"beta_alpha_0.2","beta",0.2,12,0.75,827,276,1103,0.614679912766609,487.873752238613,380.275097081989,0.830668710418211,0.499192900308677,0.411544061024921
"beta_alpha_0.2","beta",0.2,13,0.75,827,276,1103,0.675384498038347,461.874264879468,367.97243653193,0.880942112090173,0.472350224075491,0.416905703369373
"beta_alpha_0.2","beta",0.2,14,0.75,827,276,1103,0.639853060896748,482.333517555454,379.180339848227,0.785173222687976,0.478642916903,0.431123112362131
"beta_alpha_0.2","beta",0.2,15,0.75,827,276,1103,0.586166142008079,495.399354766639,400.879244337922,0.808979907667275,0.48979459024593,0.405961933273174
"beta_alpha_0.2","beta",0.2,16,0.75,827,276,1103,0.677191221388586,462.504121744807,361.369681113798,0.953572471657099,0.510959761316777,0.422157650293546
"beta_alpha_0.2","beta",0.2,17,0.75,827,276,1103,0.636706971106988,498.307167047251,396.555432575242,0.831798648389146,0.488092538087665,0.432004361686903
"beta_alpha_0.2","beta",0.2,18,0.75,827,276,1103,0.61397924987621,487.691347289629,397.771688067124,0.734757088845803,0.507577831220201,0.434803483900004
"beta_alpha_0.2","beta",0.2,19,0.75,827,276,1103,0.628774902705105,485.850283010753,379.342305899732,0.836193380097826,0.494896900583847,0.423206543740941
"beta_alpha_0.2","beta",0.2,20,0.75,827,276,1103,0.624262989766085,508.853773812163,394.382941119465,0.808907865635923,0.502513461476051,0.421821805489979
"beta_alpha_0.2","beta",0.2,21,0.75,827,276,1103,0.65909351198336,471.207895114227,366.473650757202,0.907813770641027,0.477103326169107,0.421041985289065
"beta_alpha_0.2","beta",0.2,22,0.75,827,276,1103,0.643153225778902,470.469401844324,377.942793653952,0.792419013977085,0.486399822706572,0.428360908372023
"beta_alpha_0.2","beta",0.2,23,0.75,827,276,1103,0.589316731489952,504.799036850156,410.412815888635,0.77575273136101,0.541856381588609,0.414914256123093
"beta_alpha_0.2","beta",0.2,24,0.75,827,276,1103,0.59693062820331,490.428542771812,389.638557986073,0.815924996098382,0.532797983851234,0.431102037112087
"beta_alpha_0.2","beta",0.2,25,0.75,827,276,1103,0.640941979022821,488.170291726986,379.854276143295,0.901160855277972,0.517269276449479,0.423703216586366
"beta_alpha_0.2","beta",0.2,26,0.75,827,276,1103,0.545581587932607,528.141263976002,426.999543917657,0.728655677519099,0.469630061592598,0.417756550037279
"beta_alpha_0.2","beta",0.2,27,0.75,827,276,1103,0.686372297961811,448.62105201311,346.490739799863,0.918643499320507,0.509912850861026,0.420364769049778
"beta_alpha_0.2","beta",0.2,28,0.75,827,276,1103,0.61740223118158,521.905828858398,409.336849523848,0.808385926802298,0.460864380532275,0.423941183877034
"beta_alpha_0.2","beta",0.2,29,0.75,827,276,1103,0.649490658269092,478.52511938893,367.548406244253,0.804628681942193,0.530372003798132,0.430976811812779
"beta_alpha_0.2","beta",0.2,30,0.75,827,276,1103,0.57694307108661,501.594915446546,404.497039606561,0.744961891847834,0.515643031446832,0.429099533742492
"beta_alpha_0.4","beta",0.4,1,0.25,275,828,1103,0.336620603342974,827.547335123692,649.523015389716,0.27280328217665,0.505124992830933,0.372495673660985
"beta_alpha_0.4","beta",0.4,2,0.25,275,828,1103,0.381324076803849,677.609063879584,527.425981670357,0.384471110287128,0.527882521151204,0.376117545715281
"beta_alpha_0.4","beta",0.4,3,0.25,275,828,1103,0.536628250785783,613.95974175035,493.087706357397,0.498949149962558,0.519505842438413,0.366017067001014
"beta_alpha_0.4","beta",0.4,4,0.25,275,828,1103,0.535693853906128,632.796522589791,494.59588241053,0.55677003255622,0.507874519044916,0.376252196761888
"beta_alpha_0.4","beta",0.4,5,0.25,275,828,1103,0.342363291025153,838.179821462111,689.962049527656,0.276194429201963,0.488233753219761,0.369098252740289
"beta_alpha_0.4","beta",0.4,6,0.25,275,828,1103,0.458743222666848,637.694637493663,487.55702512216,0.434239762025994,0.506435221730014,0.367320188994376
"beta_alpha_0.4","beta",0.4,7,0.25,275,828,1103,0.457569229927885,724.6419291962,579.136275076763,0.399994513550806,0.495321107757616,0.370957526179737
"beta_alpha_0.4","beta",0.4,8,0.25,275,828,1103,0.437304775331099,679.418543089996,564.192359870592,0.415955314600416,0.491777879771955,0.364935246110334
"beta_alpha_0.4","beta",0.4,9,0.25,275,828,1103,0.438798548519256,662.36452617461,530.374121401436,0.404677935873391,0.513630267445915,0.370981652727864
"beta_alpha_0.4","beta",0.4,10,0.25,275,828,1103,0.318049942136656,699.145591488369,564.011447917085,0.336289558631794,0.520615501958422,0.371311840707204
"beta_alpha_0.4","beta",0.4,11,0.25,275,828,1103,0.481410404842154,664.587978097718,536.813839967794,0.465389099113175,0.508194653080858,0.37171114955301
"beta_alpha_0.4","beta",0.4,12,0.25,275,828,1103,0.375037145556077,744.545128814194,596.118793748469,0.328309511810536,0.515655954806992,0.370019065334152
"beta_alpha_0.4","beta",0.4,13,0.25,275,828,1103,0.424961558360812,716.236275166474,552.419915192206,0.37530910137787,0.49446362774965,0.366871631702601
"beta_alpha_0.4","beta",0.4,14,0.25,275,828,1103,0.448199856660232,707.514655414463,572.182463864801,0.384672532292667,0.531782855924611,0.371413211110007
"beta_alpha_0.4","beta",0.4,15,0.25,275,828,1103,0.396371113179994,666.211065973719,527.111596052559,0.392046125350754,0.499757454662977,0.374749554826981
"beta_alpha_0.4","beta",0.4,16,0.25,275,828,1103,0.543912427283935,659.935147344885,522.173754752374,0.463053213171648,0.48050676834969,0.366043139922932
"beta_alpha_0.4","beta",0.4,17,0.25,275,828,1103,0.496591597396819,741.473622860793,585.094047079082,0.40750288203344,0.505868175857188,0.371502795846806
"beta_alpha_0.4","beta",0.4,18,0.25,275,828,1103,0.429095871803969,701.471204853448,561.929384788561,0.361450308736869,0.493583998470185,0.36965134237954
"beta_alpha_0.4","beta",0.4,19,0.25,275,828,1103,0.435938387286728,706.75998439801,559.430600274863,0.380186998160193,0.521256611272789,0.371584244833804
"beta_alpha_0.4","beta",0.4,20,0.25,275,828,1103,0.481234546843392,652.508207478581,512.938924117502,0.473396040538336,0.50788907885615,0.372890501146376
"beta_alpha_0.4","beta",0.4,21,0.25,275,828,1103,0.441135069173055,702.627942673384,558.302377723591,0.39356346440389,0.492816360733307,0.37552633428898
"beta_alpha_0.4","beta",0.4,22,0.25,275,828,1103,0.410834546013047,760.143340427397,607.086994551411,0.317600031866552,0.512690751286028,0.373443470797985
"beta_alpha_0.4","beta",0.4,23,0.25,275,828,1103,0.291465359081288,750.735996065909,608.213195168717,0.274571877493507,0.498454587413069,0.371638337477078
"beta_alpha_0.4","beta",0.4,24,0.25,275,828,1103,0.417936027663442,747.854298737933,586.5434883184,0.341169783507087,0.493164187221622,0.375119425092411
"beta_alpha_0.4","beta",0.4,25,0.25,275,828,1103,0.470526848340149,621.890165944338,478.691372831655,0.529957601033948,0.501038875387363,0.373839487569449
"beta_alpha_0.4","beta",0.4,26,0.25,275,828,1103,0.297643258723782,744.61547260053,588.553214282073,0.285008403078911,0.486075646346878,0.368470402326265
"beta_alpha_0.4","beta",0.4,27,0.25,275,828,1103,0.411055651546351,656.619845836502,525.364387760367,0.431924935283526,0.482631527574522,0.368658299617051
"beta_alpha_0.4","beta",0.4,28,0.25,275,828,1103,0.470708259208105,702.820601740955,557.298550846257,0.433417523870468,0.50398434731647,0.370197192098006
"beta_alpha_0.4","beta",0.4,29,0.25,275,828,1103,0.475601745497253,655.155893863449,517.677880106702,0.443686768296864,0.503017596495369,0.372398239820708
"beta_alpha_0.4","beta",0.4,30,0.25,275,828,1103,0.423281453388646,672.375563399715,525.781229951725,0.384272511318281,0.493409227182313,0.370828145702283
"beta_alpha_0.4","beta",0.4,1,0.5,551,552,1103,0.461627564648007,738.072098154947,577.463989085428,0.383173450028308,0.481900560880496,0.374118993274892
"beta_alpha_0.4","beta",0.4,2,0.5,551,552,1103,0.396104883643553,721.095575962726,578.161388171786,0.348522939851769,0.483803688303089,0.376247838273156
"beta_alpha_0.4","beta",0.4,3,0.5,551,552,1103,0.495406234524,636.789201905513,510.679610101085,0.465391191508209,0.481701581425349,0.379957909329662
"beta_alpha_0.4","beta",0.4,4,0.5,551,552,1103,0.480573523157043,712.024395317861,548.212335332615,0.434439338006987,0.489056976369958,0.37151097297915
"beta_alpha_0.4","beta",0.4,5,0.5,551,552,1103,0.435631719620518,755.534058961096,612.253117106164,0.362872382874831,0.518613652393071,0.369004366320129
"beta_alpha_0.4","beta",0.4,6,0.5,551,552,1103,0.467959218907018,692.554516226073,535.108221080679,0.379883241672428,0.527518473914843,0.365486868474045
"beta_alpha_0.4","beta",0.4,7,0.5,551,552,1103,0.342922793403932,784.607680255374,624.256926820918,0.306911662695641,0.476316924358918,0.370950862823081
"beta_alpha_0.4","beta",0.4,8,0.5,551,552,1103,0.434155720515496,675.190062267454,545.171841793262,0.420919645077134,0.513549461762635,0.376459533712538
"beta_alpha_0.4","beta",0.4,9,0.5,551,552,1103,0.394524906184066,717.395204489763,572.790093455835,0.339203736786749,0.473974251974594,0.371169640351256
"beta_alpha_0.4","beta",0.4,10,0.5,551,552,1103,0.399582001861423,737.413684931141,585.385370757198,0.340839266869541,0.502212993160494,0.367721435765043
"beta_alpha_0.4","beta",0.4,11,0.5,551,552,1103,0.532541010248874,656.508025587961,514.578526458786,0.480626338896881,0.492504820190679,0.368413125214504
"beta_alpha_0.4","beta",0.4,12,0.5,551,552,1103,0.459388331522767,714.235125576064,585.028889615906,0.379908783554152,0.503909445346915,0.362717216829238
"beta_alpha_0.4","beta",0.4,13,0.5,551,552,1103,0.465434183456309,757.924276486314,606.873506856343,0.356459887123672,0.497631797714232,0.370438057216275
"beta_alpha_0.4","beta",0.4,14,0.5,551,552,1103,0.504902572270031,688.612768619211,552.708687937139,0.411815212599691,0.485240427059137,0.360708170196729
"beta_alpha_0.4","beta",0.4,15,0.5,551,552,1103,0.40778262570331,699.393260695206,563.47652644722,0.363170780268916,0.49282859112645,0.370004071154716
"beta_alpha_0.4","beta",0.4,16,0.5,551,552,1103,0.463063539630899,667.73327109943,531.019866945429,0.440602426170247,0.494131103249261,0.373348324241918
"beta_alpha_0.4","beta",0.4,17,0.5,551,552,1103,0.496331363595268,669.250707234857,534.613217313132,0.456577730790012,0.516239450817513,0.375535144787595
"beta_alpha_0.4","beta",0.4,18,0.5,551,552,1103,0.456003042367455,711.79201003005,577.771173540774,0.363530745044987,0.496115646633489,0.376403529428987
"beta_alpha_0.4","beta",0.4,19,0.5,551,552,1103,0.496611179199536,705.103979681306,562.490884625407,0.400186973451354,0.529171398730612,0.362840876556652
"beta_alpha_0.4","beta",0.4,20,0.5,551,552,1103,0.449179151090926,712.157864411193,569.277897083439,0.401426205727265,0.469427810634763,0.366358111608263
"beta_alpha_0.4","beta",0.4,21,0.5,551,552,1103,0.370707674276368,803.388858792699,635.499732131299,0.296856460838647,0.49232545872635,0.361464691572419
"beta_alpha_0.4","beta",0.4,22,0.5,551,552,1103,0.558354231640014,660.427065528511,523.310532041721,0.436184761868028,0.506631882444298,0.376772911408945
"beta_alpha_0.4","beta",0.4,23,0.5,551,552,1103,0.335207898649037,753.99462802133,609.682732852518,0.296353622678079,0.486237859468728,0.370909342260082
"beta_alpha_0.4","beta",0.4,24,0.5,551,552,1103,0.423498238970237,679.398590352801,527.295207399423,0.397589365270963,0.504351131665279,0.37368437711596
"beta_alpha_0.4","beta",0.4,25,0.5,551,552,1103,0.426803062777592,677.600958196498,530.053629682924,0.428168524958007,0.499529065001497,0.382106860032644
"beta_alpha_0.4","beta",0.4,26,0.5,551,552,1103,0.282899233652757,760.208907531983,609.227631988633,0.264213117339734,0.496436323484523,0.364455218959292
"beta_alpha_0.4","beta",0.4,27,0.5,551,552,1103,0.503721942506154,658.116367294265,522.382570892324,0.443958007456181,0.508917074066212,0.372568937841114
"beta_alpha_0.4","beta",0.4,28,0.5,551,552,1103,0.496758439996944,679.269371207086,542.600993448446,0.463245431671056,0.493092658797615,0.371091760864535
"beta_alpha_0.4","beta",0.4,29,0.5,551,552,1103,0.456892779337406,670.072916613337,535.173079250379,0.425498464156972,0.466990352953468,0.377429049404983
"beta_alpha_0.4","beta",0.4,30,0.5,551,552,1103,0.374259769764007,718.289809613458,563.019209447178,0.334319089569039,0.501699462776972,0.369522161495333
"beta_alpha_0.4","beta",0.4,1,0.75,827,276,1103,0.634044932087249,493.237385236629,387.461138851867,0.894343687946117,0.4971445468944,0.372802401394695
"beta_alpha_0.4","beta",0.4,2,0.75,827,276,1103,0.642720032387242,471.27794112473,374.022802134722,0.884411194627703,0.524871892961132,0.377096714761419
"beta_alpha_0.4","beta",0.4,3,0.75,827,276,1103,0.713139231046138,431.051927334371,342.271406375302,0.985211057967449,0.50348673139028,0.381898806509903
"beta_alpha_0.4","beta",0.4,4,0.75,827,276,1103,0.661384606941541,504.058548796742,396.421563888886,0.867668471953147,0.473386297065121,0.36647167770103
"beta_alpha_0.4","beta",0.4,5,0.75,827,276,1103,0.622570254380881,509.400258999598,419.147032511098,0.823807559820292,0.498599546332048,0.376364784478258
"beta_alpha_0.4","beta",0.4,6,0.75,827,276,1103,0.612363424465299,481.985135847853,382.901250350579,0.761446825621739,0.51287490528254,0.363864281106592
"beta_alpha_0.4","beta",0.4,7,0.75,827,276,1103,0.638776408187204,499.294127762911,403.344794255129,0.87417466339364,0.539575365017863,0.379888212030499
"beta_alpha_0.4","beta",0.4,8,0.75,827,276,1103,0.654721490159593,472.95096921328,379.335536304856,0.943876235010252,0.488461586714012,0.37994211404722
"beta_alpha_0.4","beta",0.4,9,0.75,827,276,1103,0.605727953116395,493.381194267435,395.009507367937,0.738269572875764,0.537764364225088,0.371937889741251
"beta_alpha_0.4","beta",0.4,10,0.75,827,276,1103,0.605923105408573,498.126440137247,398.457380685797,0.798866940028599,0.50609593906249,0.372759381415737
"beta_alpha_0.4","beta",0.4,11,0.75,827,276,1103,0.677613047992985,474.238871953641,372.67745885242,0.894629457409624,0.49726823525628,0.384831747067614
"beta_alpha_0.4","beta",0.4,12,0.75,827,276,1103,0.60523852964112,494.473008107655,381.94728286141,0.808404509657995,0.471277786120587,0.372206182630187
"beta_alpha_0.4","beta",0.4,13,0.75,827,276,1103,0.67093568319392,463.998397525317,370.507795318657,0.880271484001834,0.515190596557071,0.370776948788015
"beta_alpha_0.4","beta",0.4,14,0.75,827,276,1103,0.641390656923029,480.486699429227,376.51275811379,0.793521868420101,0.467480323121339,0.375797167051773
"beta_alpha_0.4","beta",0.4,15,0.75,827,276,1103,0.600386517948012,488.778782000187,394.111285063984,0.82377738451217,0.48484780803471,0.377496200279273
"beta_alpha_0.4","beta",0.4,16,0.75,827,276,1103,0.673636122251018,465.282120211231,360.013647645988,0.928892076525421,0.523014043864546,0.369964552303724
"beta_alpha_0.4","beta",0.4,17,0.75,827,276,1103,0.640301319240385,496.536587604498,394.495701106689,0.836003560221799,0.492431243644569,0.37545183320528
"beta_alpha_0.4","beta",0.4,18,0.75,827,276,1103,0.606345158592424,488.556798401606,401.770927614668,0.745379858614528,0.513815410809445,0.376237218420425
"beta_alpha_0.4","beta",0.4,19,0.75,827,276,1103,0.633703009027736,481.878385296797,377.594795055863,0.854417327889207,0.549317031907144,0.385327306551898
"beta_alpha_0.4","beta",0.4,20,0.75,827,276,1103,0.6291192179158,507.241688378572,389.930784358345,0.80345714465898,0.509951912554116,0.375284282016475
"beta_alpha_0.4","beta",0.4,21,0.75,827,276,1103,0.659664015214544,470.490696106825,367.196349030072,0.91770717523875,0.453743958589208,0.366624533920678
"beta_alpha_0.4","beta",0.4,22,0.75,827,276,1103,0.647978002456438,468.365183348568,375.925674081249,0.791794372483147,0.51001868615463,0.376936879360557
"beta_alpha_0.4","beta",0.4,23,0.75,827,276,1103,0.596110452535147,500.868997586291,404.601104062225,0.784660680070131,0.473985142859893,0.376664552116409
"beta_alpha_0.4","beta",0.4,24,0.75,827,276,1103,0.595459565755634,490.686459869908,385.94315954132,0.826781907160054,0.459218555079256,0.377973064197795
"beta_alpha_0.4","beta",0.4,25,0.75,827,276,1103,0.632058198988794,492.601822691451,381.378681340513,0.902693703072623,0.453295094481874,0.372838999637041
"beta_alpha_0.4","beta",0.4,26,0.75,827,276,1103,0.54843315691019,526.316251758987,422.735261549554,0.735327947006981,0.495346551894763,0.369287197082896
"beta_alpha_0.4","beta",0.4,27,0.75,827,276,1103,0.698727130731161,440.389265885644,342.299712573722,0.940507257691223,0.492284755313425,0.378318184715067
"beta_alpha_0.4","beta",0.4,28,0.75,827,276,1103,0.633305976345903,510.760517868921,401.321940954567,0.84259387183746,0.5288986342731,0.375033546129023
"beta_alpha_0.4","beta",0.4,29,0.75,827,276,1103,0.635211343128211,489.511540719733,378.267541199945,0.773841019115095,0.457181719317125,0.353105015406906
"beta_alpha_0.4","beta",0.4,30,0.75,827,276,1103,0.577763082175114,501.164393404041,403.303970964096,0.738949476140717,0.485363805287564,0.374580565948294
