"config_mistura","alpha","repeticao","proporcao_pool","n_real","n_syn","n_total_treino","correlacao","RMSE","MAE","slope_calibracao","media_lambda","sd_lambda","seed_da","seed_bglr"
"beta_alpha_population_informed",1.40104090407217,1,0.25,275,828,1103,0.333156062231212,828.167922902118,644.997130906016,0.269971790182113,0.511788696505612,0.246669456969476,322501,332501
"beta_alpha_population_informed",1.40104090407217,2,0.25,275,828,1103,0.441927345197178,632.601798251823,504.3292893104,0.463270916049117,0.517760337924333,0.262458821857706,322502,332502
"beta_alpha_population_informed",1.40104090407217,3,0.25,275,828,1103,0.559935650312195,620.756734584876,501.467246791723,0.490355581358037,0.513965304202026,0.255238177544519,322503,332503
"beta_alpha_population_informed",1.40104090407217,4,0.25,275,828,1103,0.542892575724611,631.684166652483,500.203338999838,0.562189058694476,0.501016324918664,0.259781009798435,322504,332504
"beta_alpha_population_informed",1.40104090407217,5,0.25,275,828,1103,0.41261154987952,742.739724099755,613.015703802059,0.364579579524442,0.507780633825641,0.249319772537758,322505,332505
"beta_alpha_population_informed",1.40104090407217,6,0.25,275,828,1103,0.496699195027255,631.066044831658,503.547180276129,0.447616856836539,0.496188850317142,0.257544514933373,322506,332506
"beta_alpha_population_informed",1.40104090407217,7,0.25,275,828,1103,0.396162078370648,801.341991838587,637.257962602411,0.32197578124338,0.503659968556266,0.258476851889148,322507,332507
"beta_alpha_population_informed",1.40104090407217,8,0.25,275,828,1103,0.447223303778646,649.53662239801,533.714444290594,0.456560608689704,0.487820139537249,0.250047132875379,322508,332508
"beta_alpha_population_informed",1.40104090407217,9,0.25,275,828,1103,0.439489970804577,658.191974946301,526.773214100918,0.409427183619294,0.486127537614308,0.261973137172528,322509,332509
"beta_alpha_population_informed",1.40104090407217,10,0.25,275,828,1103,0.425227314259938,675.013103616034,548.178978470211,0.407603948250387,0.49371227236368,0.259991026107376,322510,332510
"beta_alpha_population_informed",1.40104090407217,11,0.25,275,828,1103,0.461663022308712,669.192770356883,545.566465985142,0.456173093129979,0.50528263101618,0.257798356594669,322511,332511
"beta_alpha_population_informed",1.40104090407217,12,0.25,275,828,1103,0.376972624093499,768.990292430639,598.409964004664,0.316302495461164,0.502339624411759,0.259128102247557,322512,332512
"beta_alpha_population_informed",1.40104090407217,13,0.25,275,828,1103,0.497786560864365,644.175942529656,504.516780237065,0.466423383514724,0.500009132130619,0.254502717150031,322513,332513
"beta_alpha_population_informed",1.40104090407217,14,0.25,275,828,1103,0.428551313318059,708.43032272945,560.227846870601,0.374269396651668,0.497453118542375,0.252079851871332,322514,332514
"beta_alpha_population_informed",1.40104090407217,15,0.25,275,828,1103,0.29078997587068,745.149217345471,603.34930380627,0.270829508240625,0.50781681553636,0.254393855677472,322515,332515
"beta_alpha_population_informed",1.40104090407217,16,0.25,275,828,1103,0.522790066423603,679.27445713489,545.876871367291,0.440957244604875,0.498083908449973,0.252453817406397,322516,332516
"beta_alpha_population_informed",1.40104090407217,17,0.25,275,828,1103,0.49284798502316,692.437559955132,555.751400086072,0.447901640707994,0.503454503100013,0.257719413769381,322517,332517
"beta_alpha_population_informed",1.40104090407217,18,0.25,275,828,1103,0.477330390953197,703.700970990435,562.183996364211,0.380403208471877,0.49600874496849,0.264511889832679,322518,332518
"beta_alpha_population_informed",1.40104090407217,19,0.25,275,828,1103,0.435087112951688,680.162072926539,526.582835801919,0.406008566879013,0.498197510219898,0.252066354459557,322519,332519
"beta_alpha_population_informed",1.40104090407217,20,0.25,275,828,1103,0.549658566601134,619.927055757071,493.878045703631,0.522685068084561,0.509536808965429,0.252782086854052,322520,332520
"beta_alpha_population_informed",1.40104090407217,21,0.25,275,828,1103,0.424607216916379,688.333624204239,550.680449208782,0.403448592129609,0.521171492059834,0.253041704194944,322521,332521
"beta_alpha_population_informed",1.40104090407217,22,0.25,275,828,1103,0.422356136881297,717.495287409121,581.079251110464,0.350416039844066,0.502009840333368,0.255098861714323,322522,332522
"beta_alpha_population_informed",1.40104090407217,23,0.25,275,828,1103,0.30887343899813,771.654136030265,610.02457697139,0.271233655281269,0.480895928680157,0.261281440052739,322523,332523
"beta_alpha_population_informed",1.40104090407217,24,0.25,275,828,1103,0.455309217986653,646.215377150872,498.260236671569,0.435026862767004,0.512582576008154,0.257361189341037,322524,332524
"beta_alpha_population_informed",1.40104090407217,25,0.25,275,828,1103,0.469557526752809,625.027706123097,473.73095084141,0.534767005889883,0.505354439576332,0.256777143675674,322525,332525
"beta_alpha_population_informed",1.40104090407217,26,0.25,275,828,1103,0.31052106851293,723.515292117713,579.961793499012,0.306296272488606,0.492337499714155,0.25262130810737,322526,332526
"beta_alpha_population_informed",1.40104090407217,27,0.25,275,828,1103,0.40601806392635,678.400616145158,531.810272969983,0.398527621923535,0.489115944529581,0.260427411518473,322527,332527
"beta_alpha_population_informed",1.40104090407217,28,0.25,275,828,1103,0.499398044187489,665.359186083604,535.476386938546,0.481225123699172,0.507521716091476,0.249891832401446,322528,332528
"beta_alpha_population_informed",1.40104090407217,29,0.25,275,828,1103,0.452125482889078,662.359316413649,522.803960694451,0.429335712998543,0.492188968282315,0.260396130961676,322529,332529
"beta_alpha_population_informed",1.40104090407217,30,0.25,275,828,1103,0.318103811968267,724.104091550691,565.875632369977,0.295497766835862,0.508639375317608,0.255276033358466,322530,332530
"beta_alpha_population_informed",1.40104090407217,1,0.5,551,552,1103,0.467350993617988,699.632989171048,557.506566811782,0.417290126449309,0.502047518083276,0.253947123623585,325001,335001
"beta_alpha_population_informed",1.40104090407217,2,0.5,551,552,1103,0.427979435029357,712.719890907981,563.40489457779,0.36920632992522,0.513029741685022,0.251703531820491,325002,335002
"beta_alpha_population_informed",1.40104090407217,3,0.5,551,552,1103,0.529244209990699,609.225487178999,481.941967426834,0.505989436847613,0.48207369836877,0.243782479664551,325003,335003
"beta_alpha_population_informed",1.40104090407217,4,0.5,551,552,1103,0.51696582079717,694.430140379357,526.409516090159,0.45893641040458,0.501929482700368,0.253093473255432,325004,335004
"beta_alpha_population_informed",1.40104090407217,5,0.5,551,552,1103,0.407179848516248,764.9419376366,620.260447812861,0.344010601890431,0.479349276428914,0.25336150732592,325005,335005
"beta_alpha_population_informed",1.40104090407217,6,0.5,551,552,1103,0.41921257706642,742.188541598767,570.652107692564,0.326747382186724,0.489643353429381,0.266729167233145,325006,335006
"beta_alpha_population_informed",1.40104090407217,7,0.5,551,552,1103,0.337130305784189,784.291712002813,614.01005082148,0.304225657773802,0.512521801135093,0.259554337539984,325007,335007
"beta_alpha_population_informed",1.40104090407217,8,0.5,551,552,1103,0.466520398336696,660.89218576607,538.810400685082,0.445311851380997,0.488914030041976,0.260312467739189,325008,335008
"beta_alpha_population_informed",1.40104090407217,9,0.5,551,552,1103,0.399903501178147,745.399544526668,577.993511188362,0.322428749924839,0.508091422426738,0.249378220909969,325009,335009
"beta_alpha_population_informed",1.40104090407217,10,0.5,551,552,1103,0.403219540975764,737.518000929983,591.329409321707,0.342110775633942,0.498503791827561,0.255983859744603,325010,335010
"beta_alpha_population_informed",1.40104090407217,11,0.5,551,552,1103,0.540436646990692,652.499687819456,516.052829494064,0.485379424438905,0.506190515864241,0.253555373965707,325011,335011
"beta_alpha_population_informed",1.40104090407217,12,0.5,551,552,1103,0.433056872325682,712.341050983483,571.765397726073,0.371217357820445,0.511066722009468,0.255746126127367,325012,335012
"beta_alpha_population_informed",1.40104090407217,13,0.5,551,552,1103,0.470604659054309,735.547604020275,598.691394743887,0.37541933674555,0.505967814643202,0.262913548935948,325013,335013
"beta_alpha_population_informed",1.40104090407217,14,0.5,551,552,1103,0.512225381462275,690.382874753871,543.019195326164,0.412268660279034,0.49342399779866,0.252989838113821,325014,335014
"beta_alpha_population_informed",1.40104090407217,15,0.5,551,552,1103,0.372126186163561,723.495169347889,581.268076038081,0.328696332961557,0.501252018372703,0.248973800309347,325015,335015
"beta_alpha_population_informed",1.40104090407217,16,0.5,551,552,1103,0.476788676266894,650.982300230228,517.11911568368,0.464013764624056,0.51342887481227,0.255537557613916,325016,335016
"beta_alpha_population_informed",1.40104090407217,17,0.5,551,552,1103,0.479917229530658,669.094156528975,535.094334299201,0.454440055825331,0.49595362581398,0.25412823265508,325017,335017
"beta_alpha_population_informed",1.40104090407217,18,0.5,551,552,1103,0.465524187230937,713.540947373141,577.433680402282,0.365697810366548,0.490831350560651,0.273389138375826,325018,335018
"beta_alpha_population_informed",1.40104090407217,19,0.5,551,552,1103,0.461543652437027,699.361501404657,563.68926640279,0.395082964899569,0.508757110741914,0.265850881650664,325019,335019
"beta_alpha_population_informed",1.40104090407217,20,0.5,551,552,1103,0.474194819829695,686.180224967594,542.243860479987,0.432032037986458,0.489480283837935,0.263030568341359,325020,335020
"beta_alpha_population_informed",1.40104090407217,21,0.5,551,552,1103,0.350131133313302,814.917247955167,639.336744962639,0.27964488536224,0.472985316609566,0.263057847061887,325021,335021
"beta_alpha_population_informed",1.40104090407217,22,0.5,551,552,1103,0.55350187971133,657.791958518777,514.244464184724,0.441033097186006,0.500035006900396,0.257304214265937,325022,335022
"beta_alpha_population_informed",1.40104090407217,23,0.5,551,552,1103,0.351563923386127,730.121275224517,586.079889327021,0.321783521615217,0.499778927141067,0.252238718810027,325023,335023
"beta_alpha_population_informed",1.40104090407217,24,0.5,551,552,1103,0.385219637404825,734.062563631021,567.776407652288,0.338498498709249,0.496518421550875,0.256507332617686,325024,335024
"beta_alpha_population_informed",1.40104090407217,25,0.5,551,552,1103,0.438034010766823,692.474769876498,548.161508377374,0.412819623293641,0.494391130475748,0.269896289569967,325025,335025
"beta_alpha_population_informed",1.40104090407217,26,0.5,551,552,1103,0.301881816713464,754.121199584173,595.030741443281,0.278883484876956,0.501133405094019,0.255400372740474,325026,335026
"beta_alpha_population_informed",1.40104090407217,27,0.5,551,552,1103,0.489594470065578,674.928905613545,525.906096595153,0.422845863127322,0.526553127862065,0.260160863152269,325027,335027
"beta_alpha_population_informed",1.40104090407217,28,0.5,551,552,1103,0.527512947140137,667.568928225758,523.788010470307,0.483038041576148,0.495946191915617,0.252319906798028,325028,335028
"beta_alpha_population_informed",1.40104090407217,29,0.5,551,552,1103,0.442994330905145,687.518431237877,548.252529052664,0.403136284610487,0.492121422156579,0.25373360538971,325029,335029
"beta_alpha_population_informed",1.40104090407217,30,0.5,551,552,1103,0.360229360375212,729.044843167405,581.43742180184,0.3142583295323,0.495718256935971,0.261102849656608,325030,335030
"beta_alpha_population_informed",1.40104090407217,1,0.75,827,276,1103,0.638764323838781,489.809922608864,385.675684222896,0.918962819674432,0.515122887836175,0.247177841519296,327501,337501
"beta_alpha_population_informed",1.40104090407217,2,0.75,827,276,1103,0.652858876272308,465.329190465829,367.663589092109,0.896291906562022,0.503383027351831,0.261348084992377,327502,337502
"beta_alpha_population_informed",1.40104090407217,3,0.75,827,276,1103,0.70930313862549,433.498151584984,345.842692425407,0.984975111796855,0.517234497048834,0.263966420081296,327503,337503
"beta_alpha_population_informed",1.40104090407217,4,0.75,827,276,1103,0.664654715275963,501.138493175804,394.023991262231,0.892383895410601,0.5125488437681,0.251728687622524,327504,337504
"beta_alpha_population_informed",1.40104090407217,5,0.75,827,276,1103,0.617899091433188,511.13300708465,422.655274329357,0.823855290651425,0.481713333772254,0.253647637080785,327505,337505
"beta_alpha_population_informed",1.40104090407217,6,0.75,827,276,1103,0.619105010723834,475.581705247905,375.729738510596,0.786705907623219,0.48570875541244,0.25088521926415,327506,337506
"beta_alpha_population_informed",1.40104090407217,7,0.75,827,276,1103,0.625816615887108,508.260424654131,409.897712783501,0.842125383547175,0.493656705901999,0.267176287541771,327507,337507
"beta_alpha_population_informed",1.40104090407217,8,0.75,827,276,1103,0.658358187413877,470.955106233096,379.216357237879,0.942451865756522,0.482417369143664,0.244132553946949,327508,337508
"beta_alpha_population_informed",1.40104090407217,9,0.75,827,276,1103,0.614365896910811,483.542438592844,387.190878114785,0.782603845936943,0.501791083657466,0.259274992834004,327509,337509
"beta_alpha_population_informed",1.40104090407217,10,0.75,827,276,1103,0.61062031407943,490.738791878533,389.276595977692,0.860473219298114,0.48849684873309,0.256945816911216,327510,337510
"beta_alpha_population_informed",1.40104090407217,11,0.75,827,276,1103,0.674050611196032,476.148115068481,373.259974416976,0.895763067108709,0.474821302540756,0.253059414580499,327511,337511
"beta_alpha_population_informed",1.40104090407217,12,0.75,827,276,1103,0.615442003252133,487.169555132849,377.510496151699,0.835090548370288,0.48312517760852,0.275404351880606,327512,337512
"beta_alpha_population_informed",1.40104090407217,13,0.75,827,276,1103,0.68830715036019,452.524069918816,359.15262897177,0.90765979332054,0.512973973918692,0.266245624098875,327513,337513
"beta_alpha_population_informed",1.40104090407217,14,0.75,827,276,1103,0.639120007485388,484.34403398994,381.017421792872,0.773812451510961,0.484623114759409,0.247252075068158,327514,337514
"beta_alpha_population_informed",1.40104090407217,15,0.75,827,276,1103,0.594880044462998,492.299368984813,392.412868576024,0.811481841706533,0.511703358348966,0.253275371564999,327515,337515
"beta_alpha_population_informed",1.40104090407217,16,0.75,827,276,1103,0.686700803206624,456.485343409369,356.843040035952,0.96937136827855,0.485686349303746,0.254882471447712,327516,337516
"beta_alpha_population_informed",1.40104090407217,17,0.75,827,276,1103,0.639542585687666,496.210042546491,397.006698289337,0.842368710573332,0.473130787018638,0.252522346133621,327517,337517
"beta_alpha_population_informed",1.40104090407217,18,0.75,827,276,1103,0.61904654239747,481.201487935552,391.980689585015,0.759709802197776,0.493080154731118,0.263988663045845,327518,337518
"beta_alpha_population_informed",1.40104090407217,19,0.75,827,276,1103,0.62693674608067,485.24416159312,379.116284154019,0.850769061647951,0.503231213732414,0.268913481329177,327519,337519
"beta_alpha_population_informed",1.40104090407217,20,0.75,827,276,1103,0.62691845754486,510.622869875729,393.174894010842,0.782932591053315,0.506275325716069,0.278045661735373,327520,337520
"beta_alpha_population_informed",1.40104090407217,21,0.75,827,276,1103,0.654639737017381,473.474712356458,370.769640885203,0.910790643791956,0.491655684466783,0.261745178920719,327521,337521
"beta_alpha_population_informed",1.40104090407217,22,0.75,827,276,1103,0.659574615838076,458.211650119942,368.2965777857,0.836962945780903,0.511212269138333,0.253605995865183,327522,337522
"beta_alpha_population_informed",1.40104090407217,23,0.75,827,276,1103,0.505437690450979,587.484309088901,473.692379404722,0.544793841595746,0.508133082910663,0.257673044864906,327523,337523
"beta_alpha_population_informed",1.40104090407217,24,0.75,827,276,1103,0.600556741811792,487.813806635637,385.137712072575,0.843185525436949,0.508002503067603,0.248556845396331,327524,337524
"beta_alpha_population_informed",1.40104090407217,25,0.75,827,276,1103,0.640254772773453,488.208648983506,377.871843370195,0.905661199486656,0.492509771261346,0.264585391126794,327525,337525
"beta_alpha_population_informed",1.40104090407217,26,0.75,827,276,1103,0.551815310376569,524.849295276631,422.08852175828,0.738787831964339,0.487555998138323,0.262775647178062,327526,337526
"beta_alpha_population_informed",1.40104090407217,27,0.75,827,276,1103,0.699877885762574,439.467023917547,339.956297323378,0.959140552021993,0.515196704856271,0.251004934693452,327527,337527
"beta_alpha_population_informed",1.40104090407217,28,0.75,827,276,1103,0.634712165191653,508.892409150362,398.694751378864,0.855640924911559,0.468759198441673,0.260488330030844,327528,337528
"beta_alpha_population_informed",1.40104090407217,29,0.75,827,276,1103,0.651014880402397,477.0211417317,367.872712006182,0.811095841391999,0.486318459813984,0.251663669479902,327529,337529
"beta_alpha_population_informed",1.40104090407217,30,0.75,827,276,1103,0.586708199331628,494.021146746739,397.043555244608,0.770338700643474,0.496198280133073,0.237410928559683,327530,337530
